<?xml version="1.0" encoding="UTF-8"?>
<beans xmlns="http://www.springframework.org/schema/beans"
    xmlns:xsi="http://www.w3.org/2001/XMLSchema-instance"
    xsi:schemaLocation="
        http://www.springframework.org/schema/beans http://www.springframework.org/schema/beans/spring-beans.xsd">

    <!-- bean definitions here -->
    <bean id="simplePostList" class="com.codingNinjas.SocialMedia.SimplePostList" 
    scope="singleton"
    ></bean>
    <bean id="simplePost" class="com.codingNinjas.SocialMedia.SimplePost" 
    scope="prototype"
    ></bean>
    
   	<bean id="simpleUser" class="com.codingNinjas.SocialMedia.simpleUser">
   	 <property name="postList" ref="simplePostList"></property>
   	</bean>
   	
   	
</beans>