<!--Don't change the name of this file-->
<beans xmlns="http://www.springframework.org/schema/beans"
       xmlns:xsi="http://www.w3.org/2001/XMLSchema-instance"
       xsi:schemaLocation="http://www.springframework.org/schema/beans http://www.springframework.org/schema/beans/spring-beans.xsd">

    <!--

    *******************************************************************************************************************************************************
                                    Bean definition for Vaccines:

                                        1.Bean id should be the same as class name but in camel-case naming convention..
                                        2.Below is the sample for your reference.

                                    <bean id="tetanus" class="com.example.Vaccination.Tetanus"/>
        -->
<bean id = "TimeAndLocation" class="com.example.Vaccination.TimeAndLocation"></bean>
<bean id="Polio" class="com.example.Vaccination.Polio"></bean>
<bean id="Typhoid" class ="com.example.Vaccination.Typhoid"></bean>
<bean id="Covid" class="com.example.Vaccination.Covid"></bean>





        <!--                            

    *****************************************************************************************************************************************************
                                Bean definition for Users should follow camel case naming convention with below combination:

                                        1. Bean id = UserType + Vaccine
                                        2.Below is the sample for your reference.

                                    <bean id="sisterTetanus" class="com.example.Vaccination.Sister">

                                Here sisterTetanus is a combination of User and vaccine but in camel-case version.

    *****************************************************************************************************************************************************
    -->

    <bean id ="SelfPolio" class = "com.example.Vaccination.Self"><constructor-arg index ="0"ref = "Polio"/><constructor-arg index ="1"ref = "TimeAndLocation"/></bean>
    <bean id ="SelfTyphoid" class = "com.example.Vaccination.Self"><constructor-arg index ="0"ref = "Typhoid"/><constructor-arg index ="1"ref = "TimeAndLocation"/></bean>
    <bean id ="SelfCovid" class = "com.example.Vaccination.Self"><constructor-arg index ="0"ref = "Covid"/><constructor-arg index ="1"ref = "TimeAndLocation"/></bean>
    <bean id ="SpousePolio" class = "com.example.Vaccination.Spouse"><constructor-arg index ="0"ref = "Polio"/><constructor-arg index ="1"ref = "TimeAndLocation"/></bean>
    <bean id ="SpouseTyphoid" class = "com.example.Vaccination.Spouse"><constructor-arg index ="0"ref = "Typhoid"/><constructor-arg index ="1"ref = "TimeAndLocation"/></bean>
    <bean id ="SpouseCovid" class = "com.example.Vaccination.Spouse"><constructor-arg index ="0"ref = "Covid"/><constructor-arg index ="1"ref = "TimeAndLocation"/></bean>
    <bean id ="MotherPolio" class = "com.example.Vaccination.Mother"><constructor-arg index ="0"ref = "Polio"/><constructor-arg index ="1"ref = "TimeAndLocation"/></bean>
    <bean id ="MotherTyphoid" class = "com.example.Vaccination.Mother"><constructor-arg index ="0"ref = "Typhoid"/><constructor-arg index ="1"ref = "TimeAndLocation"/></bean>
    <bean id ="MotherCovid" class = "com.example.Vaccination.Mother"><constructor-arg index ="0"ref = "Covid"/><constructor-arg index ="1"ref = "TimeAndLocation"/></bean>
    <bean id ="FatherPolio" class = "com.example.Vaccination.Father"><constructor-arg index ="0"ref = "Polio"/><constructor-arg index ="1"ref = "TimeAndLocation"/></bean>
    <bean id ="FatherTyphoid" class = "com.example.Vaccination.Father"><constructor-arg index ="0"ref = "Typhoid"/><constructor-arg index ="1"ref = "TimeAndLocation"/></bean>
    <bean id ="FatherCovid" class = "com.example.Vaccination.Father"><constructor-arg index ="0"ref = "Covid"/><constructor-arg index ="1"ref = "TimeAndLocation"/></bean>
    


    <!--

                                Bean definition for TimeAndLocationBean class:
                                        
                                        1.Bean id should be the same as class name but in camel-case naming convention.
                            
    *****************************************************************************************************************************************************
    -->

</beans>