<beans xmlns="http://www.springframework.org/schema/beans"
       xmlns:xsi="http://www.w3.org/2001/XMLSchema-instance"
       xsi:schemaLocation="http://www.springframework.org/schema/beans http://www.springframework.org/schema/beans/spring-beans.xsd">

            <!--

                 Instruction for writing bean defination:
               
               1. bean id should be same as class name but in camel-case naming convention.
               2. below is an example for reference.
                
               <bean id="pfAccount" class="com.codingNinjas.Bank.Account.Registration.pfAccount">
            -->
            <bean id="currentAccount" class="com.codingNinjas.Bank.Account.Registration.currentAccount" scope="prototype" ></bean>
            <bean id="savingAccount" class = "com.codingNinjas.Bank.Account.Registration.savingsAccount" scope="prototype"></bean>
            <bean id="myUser" class= "com.codingNinjas.Bank.Account.Registration.myUser">
            <property name="account">
            <list>
                <ref bean="currentAccount"/>
                <ref bean="savingAccount"/>
            </list>
        </property>
            </bean>
            


</beans>