<beans xmlns="http://www.springframework.org/schema/beans"
       xmlns:xsi="http://www.w3.org/2001/XMLSchema-instance"
       xsi:schemaLocation="http://www.springframework.org/schema/beans http://www.springframework.org/schema/beans/spring-beans.xsd">

    <!--
    *******************************************************************************************************************************************************
                                    Bean definition for Vaccines:

                                        1.Bean id should be the same as class name but in camel-case naming convention.
                                        2.Below is the sample for your reference.

                                    <bean id="tetanus" class="com.example.Vaccination.Tetanus"/>
    -->
    <bean id="TimeAndLocation" class="com.example.Vaccination.TimeAndLocation"></bean>
    <bean id="Polio" class="com.example.Vaccination.Polio"></bean>
    <bean id="Typhoid" class="com.example.Vaccination.Typhoid"></bean>
    <bean id="Covid" class="com.example.Vaccination.Covid"></bean>

    <!--                            
    *****************************************************************************************************************************************************
                                Bean definition for Users should follow camel case naming convention with below combination:

                                        1. Bean id = UserType + Vaccine
                                        2.Below is the sample for your reference.

                                    <bean id="sisterTetanus" class="com.example.Vaccination.Sister">

                                Here sisterTetanus is a combination of User and vaccine but in camel-case version.
    *****************************************************************************************************************************************************
    -->

    <bean id="SelfPolio" class="com.example.Vaccination.Self">
        <property name="TimeAndLocation" ref="TimeAndLocation"/>
        <property name="Vacc" ref="Polio"/>
    </bean>
    <bean id="SelfTyphoid" class="com.example.Vaccination.Self">
        <property name="TimeAndLocation" ref="TimeAndLocation"/>
        <property name="Vacc" ref="Typhoid"/>
    </bean>
    <bean id="SelfCovid" class="com.example.Vaccination.Self">
        <property name="TimeAndLocation" ref="TimeAndLocation"/>
        <property name="Vacc" ref="Covid"/>
    </bean>
    <bean id="SpousePolio" class="com.example.Vaccination.Spouse">
        <property name="TimeAndLocation" ref="TimeAndLocation"/>
        <property name="Vacc" ref="Polio"/>
    </bean>
    <bean id="spouseTyphoid" class="com.example.Vaccination.Spouse">
        <property name="TimeAndLocation" ref="TimeAndLocation"/>
        <property name="Vacc" ref="Typhoid"/>
    </bean>
    <bean id="SpouseCovid" class="com.example.Vaccination.Spouse">
        <property name="TimeAndLocation" ref="TimeAndLocation"/>
        <property name="Vacc" ref="Covid"/>
    </bean>
    <bean id="MotherPolio" class="com.example.Vaccination.Mother">
        <property name="TimeAndLocation" ref="TimeAndLocation"/>
        <property name="Vacc" ref="Polio"/>
    </bean>
    <bean id="MotherTyphoid" class="com.example.Vaccination.Mother">
        <property name="TimeAndLocation" ref="TimeAndLocation"/>
        <property name="Vacc" ref="Typhoid"/>
    </bean>
    <bean id="MotherCovid" class="com.example.Vaccination.Mother">
        <property name="TimeAndLocation" ref="TimeAndLocation"/>
        <property name="Vacc" ref="Covid"/>
    </bean>
    <bean id="FatherPolio" class="com.example.Vaccination.Father">
        <property name="TimeAndLocation" ref="TimeAndLocation"/>
        <property name="Vacc" ref="Polio"/>
    </bean>
    <bean id="FatherTyphoid" class="com.example.Vaccination.Father">
        <property name="TimeAndLocation" ref="TimeAndLocation"/>
        <property name="Vacc" ref="Typhoid"/>
    </bean>
    <bean id="FatherCovid" class="com.example.Vaccination.Father">
        <property name="TimeAndLocation" ref="TimeAndLocation"/>
        <property name="Vacc" ref="Covid"/>
    </bean>

    <!--
                                Bean definition for TimeAndLocationBean class:
                                        
                                        1.Bean id should be the same as class name but in camel-case naming convention.
    *****************************************************************************************************************************************************
    -->

</beans>
